소재지(위치),Unnamed: 3,id,name,대여건수,반납건수,차이,차이율(%),"대여소
번호",lat,lon,"설치
시기",설치형태,Unnamed: 8,"운영
방식",type
,,0,천호 배송센터,,,,,0,37.5385095,127.1251279,,,,,depot
강동구,서울특별시 강동구 구천면로 171,1001,광진교 남단 사거리(천호공원 방면),30473,30365,108,0.355672649,1001,37.54179382,127.1247482,2017.4.19,15,,LCD,station
강동구,서울특별시 강동구 올림픽로 702,1002,해공공원(천호동),44653,45877,-1224,-2.668003575,1002,37.5452652,127.1259384,2017.4.19,10,,LCD,station
강동구,서울특별시 강동구 올림픽로 702,1003,해공도서관앞,21614,21568,46,0.213278932,1003,37.54395676,127.1254883,2017.4.19,20,,LCD,station
강동구,서울특별시 강동구 상암로3길 77,1004,삼성광나루아파트 버스정류장,30416,41135,-10719,-26.05810137,1004,37.55332947,127.1288681,2017.4.19,10,,LCD,station
강동구,서울특별시 강동구 양재대로 1665,1006,롯데캐슬 115동앞,4234,4114,120,2.916869227,1006,37.55486679,127.1427994,2017.4.19,10,,LCD,station
강동구,서울특별시 강동구 올림픽로 875,1007,암사동 선사유적지,3123,3147,-24,-0.762631077,1007,37.55955887,127.1308746,2017.4.19,14,,LCD,station
강동구,서울특별시 강동구 올림픽로 지하 776,1008,암사역 3번출구(국민은행앞),62528,74932,-12404,-16.55367533,1008,37.54935455,127.1270828,2017.4.19,9,,LCD,station
강동구,서울특별시 강동구 천호대로 지하 997,1009,천호역4번출구(현대백화점),98285,98119,166,0.169182319,1009,37.53866577,127.1242447,2017.4.19,20,,LCD,station
강동구,서울특별시 강동구 천호대로 1139,1010,강동세무서,59533,59634,-101,-0.169366469,1010,37.53450775,127.1384049,2017.4.19,20,,LCD,station
강동구,서울특별시 강동구 천호대로 1120,1011,LIGA 아파트 앞,69109,68917,192,0.278595992,1011,37.53474426,127.1352844,2017.4.19,20,,LCD,station
강동구,서울특별시 강동구 올림픽로 610,1012,천호역효성해링턴타워 앞,41884,40976,908,2.215931277,1012,37.53600693,127.1227264,2017.4.19,15,,LCD,station
강동구,서울특별시 강동구 올림픽로 지하 550,1013,강동구청역 1번 출입구,48619,48516,103,0.212301097,1013,37.53071594,127.1209869,2017.4.19,15,,LCD,station
강동구,서울특별시 강동구 구천면로 431-2,1015,샛마을 근린공원,16011,15869,142,0.894826391,1015,37.55003738,127.1469116,2017.4.19,13,,LCD,station
강동구,서울특별시 강동구 상일로 152,1016,해뜨는 주유소옆 리엔파크 109동앞,13053,13031,22,0.168828179,1016,37.55939865,127.1711807,2017.4.19,10,,LCD,station
강동구,서울특별시 강동구 천호대로 1207,1017,둔촌고교입구 교차로(길동주민센터 방면),33462,33790,-328,-0.970701391,1017,37.53544617,127.1451874,2017.4.19,20,,LCD,station
강동구,서울특별시 강동구 양재대로 1330,1018,둔촌 주공 GS 맞은편,12857,12965,-108,-0.833011955,1018,37.52458954,127.1354218,2017.6.22,20,15,QR,station
강동구,서울특별시 강동구 성내로 91,1019,다성이즈빌아파트(호원대 대각선 맞은편),83931,87975,-4044,-4.596760443,1019,37.52679443,127.1300583,2017.4.19,10,,LCD,station
강동구,서울특별시 강동구 성내로 57,1020,강동경찰서,76528,77361,-833,-1.076769949,1020,37.52825165,127.1268005,2017.4.19,15,,LCD,station
강동구,서울특별시 강동구 아리수로 419,1021,강일동 리슈빌 빌딩앞,28545,35286,-6741,-19.1038939,1021,37.56427383,127.1739731,2017.4.19,15,,LCD,station
강동구,서울특별시 강동구 양재대로 1441,1022,길동 사거리(초소앞),30541,30560,-19,-0.062172775,1022,37.53377914,127.1379929,2017.4.19,20,,LCD,station
강동구,서울특별시 강동구 상일동 504 ,1023,한국종합기술사옥 앞,41048,42363,-1315,-3.104123882,1023,37.54998398,127.1747055,2017.11.1,22,,LCD,station
강동구,서울특별시 성내동 546-3 ,1024,강동구청 앞,64836,65683,-847,-1.28952697,1024,37.52929688,127.1231537,2017.11.1,10,,LCD,station
강동구,서울특별시  상일동 440-3,1025,상일초등학교,13031,13097,-66,-0.503932198,1025,37.54684067,127.1725159,2017.11.1,10,,LCD,station
강동구,서울특별시 길동 176-3,1027,프라자 아파트 앞,18875,18767,108,0.575478233,1027,37.53596115,127.1478195,2017.11.1,20,,LCD,station
강동구,서울특별시 성내동 119-2,1028,포레스 주상복합 빌딩,33110,33044,66,0.199733688,1028,37.53310776,127.1227722,2017.11.1,10,,LCD,station
강동구,서울특별시 성내동  44-1,1029,성내어울터,57959,57593,366,0.635493897,1029,37.53655624,127.1255341,2017.11.1,7,,LCD,station
강동구,서울특별시 성내동 478,1030,미호 플랜트 앞,27123,27093,30,0.110729709,1030,37.52703094,127.1220627,2017.11.1,15,,LCD,station
강동구,서울특별시 암사동 440-13,1031,올림픽로 836(아리수로),7102,8521,-1419,-16.652975,1031,37.55582047,127.1299133,2017.11.1,15,,LCD,station
강동구,서울특별시 암사동 445,1032,선사고등학교,12195,13500,-1305,-9.666666667,1032,37.55672836,127.136261,2017.11.1,20,,LCD,station
강동구,서울특별시 고덕동 673,1033,고덕동 아남아파트,21523,16734,4789,28.61838174,1033,37.55793381,127.1447678,2017.11.1,10,17,QR,station
강동구,서울특별시 고덕동 603,1034,고덕동 래미안 힐스테이트,7919,6973,946,13.56661408,1034,37.5618782,127.1507874,2017.11.1,10,,LCD,station
강동구,서울특별시 명일동 46-5,1035,고덕역 4번출구,257,224,33,14.73214286,1035,37.55509567,127.1552811,2017.11.1,25,,LCD,station
강동구,서울특별시 명일동 48-2,1036,고덕동 주양쇼핑,21915,20635,1280,6.203053065,1036,37.55199051,127.1533127,2017.11.1,10,,LCD,station
강동구,서울특별시 강일동 448-2,1037,강일리버파크 6단지,4785,4828,-43,-0.890637945,1037,37.56256485,127.1776123,2017.11.1,10,,LCD,station
강동구,서울특별시 강일동 333-2,1038,강일 다솜 어린이 공원,5937,6530,-593,-9.081163859,1038,37.56863785,127.1748047,2017.11.1,10,,LCD,station
강동구,서울특별시 고덕동 215,1039,고덕초등학교,3349,3348,1,0.029868578,1039,37.56129837,127.1678467,2017.11.1,7,,LCD,station
강동구,서울특별시 고덕동 499-2,1041,묘곡초등학교,9636,9623,13,0.135093006,1041,37.55916214,127.1533203,2017.11.1,10,,LCD,station
강동구,서울특별시 강일동 63-20,1042,강일리버파크 2~5단지,11344,12564,-1220,-9.710283349,1042,37.5685463,127.1770096,2017.11.1,10,,LCD,station
강동구,서울특별시  양재대로 1572,1044,굽은다리역,80081,82678,-2597,-3.141101623,1044,37.54540634,127.1426773,2017.11.1,15,,LCD,station
강동구,서울특별시 강동구 진황도로 172,1048,둔촌어린이공원,25019,25190,-171,-0.67884081,1048,37.53099442,127.1423721,2018.1.16,13,,LCD,station
강동구,서울특별시 강동구 고덕로97길 20,1049,강일리버파크 10단지,12392,13769,-1377,-10.00072627,1049,37.561203,127.1802673,2018.1.16,10,,LCD,station
강동구,서울특별시 강동구 양재대로 1355,1050,둔촌역 3번 출입구,89956,90454,-498,-0.550556084,1050,37.52678299,127.1355743,2018.2.26,15,,LCD,station
강동구,서울특별시 강동구 고덕로 109,1051,"강일중,선사고 버스정류장(신암중학교 방면)",22070,22368,-298,-1.332260372,1051,37.55483627,127.1373215,2018.2.26,15,,LCD,station
강동구,고덕동 230,1053,동명근린공원 진입로 (아리수로),8522,8485,37,0.436063642,1053,37.56254578,127.1644821,2018.9.3,8,3,LCD,station
강동구,상일로 27길 14-7,1054,말우물 어린이 공원,5858,6509,-651,-10.00153633,1054,37.56002808,127.1696777,2018.9.3,5,,LCD,station
강동구,강일동 435-2,1056,강일리버파크 7~11단지,9758,10645,-887,-8.332550493,1056,37.56335449,127.1790543,2018.9.7,10,,LCD,station
강동구,상일동 482,1057,능골근린공원,13510,13485,25,0.185391175,1057,37.55580902,127.1737442,2018.9.10,15,,LCD,station
강동구,상일동 133,1058,고덕숲 아이파크 1,4905,4300,605,14.06976744,1058,37.55348206,127.1650543,2018.9.10,12,,LCD,station
강동구,강동구 천호동 166-56,1059,래미안 강동팰리스(102동),30687,22631,8056,35.5971897,1059,37.53822708,127.1317444,2018.10.25,15,,LCD,station
강동구,강동구 천호동 217-18,1060,천일초교 사거리,16097,15957,140,0.877357899,1060,37.5446701,127.1326752,2018.9.11,6,,LCD,station
강동구, 강동구 천호동 234-2,1061,천호초교 입구 사거리(일주빌딩),20376,20206,170,0.841334257,1061,37.54689789,127.1346664,2018.9.10,8,,LCD,station
강동구,강동구 고덕로 131,1063,강동롯데캐슬퍼스트 아파트(관리동),12419,12196,223,1.82846835,1063,37.55666351,127.1427383,2020.1.13,,10,QR,station
강동구,둔촌동 산17-4 ,1064,중앙보훈병원역 1번출구,8903,7085,1818,25.65984474,1064,37.52779388,127.147644,2020.1.9,,10,QR,station
강동구,동남로 635,1065,보훈병원 후문옆(더 원커피),8353,6550,1803,27.52671756,1065,37.53120804,127.1492691,2020.1.9,,10,QR,station
강동구,강동구 둔촌동 564,1066,생태공원앞 교차로(조명탑),3595,3088,507,16.41839378,1066,37.5377655,127.1520157,2020.1.9,,10,QR,station
강동구, 명일동 59 ,1067,한영중고앞사거리,9711,9254,457,4.938405014,1067,37.54903412,127.1560516,2020.1.15,,10,QR,station
강동구,동남로 895,1068,명일파출소,15725,13615,2110,15.49761293,1068,37.5536499,127.1562271,2020.1.14,,10,QR,station
강동구,고덕로 295,1070,(시립)고덕평생학습관,15716,15291,425,2.779412726,1070,37.55570221,127.1579208,2020.1.14,,10,QR,station
강동구,강동구 명일동 46-5,1072,고덕역 5번출구,36536,33063,3473,10.50418897,1072,37.55486298,127.1537247,2020.1.13,,22,QR,station
강동구,양재대로 1517,1073,SSTS 몰 앞,17597,17700,-103,-0.581920904,1073,37.54114532,127.1410523,2020.1.10,,7,QR,station
강동구,명일동 59 ,1074,대명초교입구 사거리,27115,26773,342,1.277406342,1074,37.54683685,127.1491623,2020.1.10,,15,QR,station
강동구,천호동 114-2 (정자 쉼터),1075,천동초교 삼거리,34908,35211,-303,-0.86052654,1075,37.54136276,127.1371841,2020.1.10,,10,QR,station
강동구,양재대로 1504,1076,천동초교입구사거리 버스정류장(십자성마을 방면),34894,35791,-897,-2.506216647,1076,37.5398941,127.141037,2020.1.10,,10,QR,station
강동구,천호동 571-2 ,1077,강동역 1번출구 앞,45741,44792,949,2.118681907,1077,37.53627014,127.1324692,2020.1.9,,15,QR,station
강동구,성내동 449-22 ,1078,둔촌사거리,60725,61547,-822,-1.33556469,1078,37.52197647,127.1336212,2020.1.14,,25,QR,station
강동구,강일동 607-7,1079,강일동입구교차로,10126,10275,-149,-1.450121655,1079,37.56184387,127.170845,2020.1.13,,10,QR,station
강동구,천호대로 1052,1080,엘웨딩,20298,19707,591,2.998934389,1080,37.5368309,127.128418,2020.1.9,,10,QR,station
강동구,천호동451-20,1081,트레빌빌딩,31586,27845,3741,13.43508709,1081,37.53699875,127.1295319,2020.1.9,,20,QR,station
강동구,고덕동302,1083,광문고교사거리(아이파크),12982,12853,129,1.003656734,1083,37.56036758,127.1565933,2020.1.13,,15,QR,station
강동구,강남대로207(윤선생빌딩),1084,윤선생빌딩(JYP사옥),65185,73204,-8019,-10.95431944,1084,37.5239296,127.1291275,2020.1.8,,20,QR,station
강동구,양재대로1650,1085,래미안 솔베뉴(고덕로),19537,11479,8058,70.19775242,1085,37.55456924,127.145874,2020.1.13,,20,QR,station
강동구,양재대로1650,1086,래미안 솔베뉴(구천면로),12027,11776,251,2.131453804,1086,37.55059814,127.1454544,2020.1.10,,10,QR,station
강동구,성내동451-3,1088,풍납사거리(강동),29884,29169,715,2.451232473,1088,37.52812195,127.1195221,2020.1.14,,12,QR,station
강동구,고덕동 675,1089,고덕 래미안힐스테이트(201동),4043,2886,1157,40.09009009,1089,37.56060028,127.146698,2020.1.13,,10,QR,station
강동구,고덕로 333,1090,상일동역 2번출구 앞,37262,37294,-32,-0.085804687,1090,37.5567894,127.1661453,2020.1.13,,17,QR,station
송파구,서울특별시 송파구 송파대로 지하 257,1201,가락시장역 3번 출구,34949,35234,-285,-0.808877788,1201,37.49317932,127.1185455,2017.6.22,15,,LCD,station
송파구,서울특별시 송파구 송파대로28길 24,1203,밀리아나2빌딩 앞,24118,24416,-298,-1.22051114,1203,37.49372864,127.1206207,2017.5.26,20,,LCD,station
송파구,서울특별시 송파구 오금로 지하 499,1204,거여역 3번출구,31186,31574,-388,-1.228859188,1204,37.49334335,127.1447296,2017.6.28,10,,LCD,station
송파구,서울특별시 송파구 올림픽로 8,1205,종합운동장역 4번출구,27338,23504,3834,16.31211709,1205,37.51042938,127.071373,2017.4.24,15,,LCD,station
송파구,서울특별시 송파구 올림픽로 지하 23,1206,9호선종합운동장역 9번출구,23981,23272,709,3.046579581,1206,37.51128006,127.0782394,2017.4.24,20,,LCD,station
송파구,서울특별시 송파구 성내천로 233,1207,마천중앙시장,12329,12570,-241,-1.917263325,1207,37.49975586,127.152504,2017.5.26,10,,LCD,station
송파구,서울특별시 송파구 풍성로14길 19,1208,풍납현대아파트쉼터,46147,45828,319,0.696080999,1208,37.52974701,127.1199646,2017.4.24,25,,LCD,station
송파구,서울특별시 송파구 오금로 20,1209,잠실나루역 (2번 출구 쪽),57769,57236,533,0.931232092,1209,37.52045059,127.1042023,2017.4.24,20,,LCD,station
송파구,서울특별시 송파구 올림픽로 293-19,1210,롯데월드타워(잠실역2번출구 쪽),176154,175725,429,0.244131455,1210,37.51312637,127.1009598,2017.6.27,30,,LCD,station
송파구,서울특별시 송파구 송파대로 지하 354,1212,송파역 2번 출구앞,26824,26940,-116,-0.430586488,1212,37.49941254,127.1128693,2017.6.22,10,,LCD,station
송파구,서울특별시 송파구 양재대로72길 47-8,1213,백토공원 앞,5668,5517,151,2.736994744,1213,37.50831985,127.1332169,2017.4.24,12,,LCD,station
송파구,서울특별시 송파구 오금로 지하 321,1214,오금역 7번 출구 인근,21198,21032,166,0.789273488,1214,37.50259399,127.1276474,2017.5.26,10,,LCD,station
송파구,서울특별시 송파구 양재대로 지하 1233,1215,올림픽공원역 1번출구 앞,34205,34117,88,0.257935926,1215,37.51657104,127.1315384,2017.4.24,15,,LCD,station
송파구,서울특별시 송파구 충민로4길 19,1217,송파파인타운 7단지,15757,15638,119,0.760966876,1217,37.47930527,127.1297989,2017.4.24,15,,LCD,station
송파구,서울특별시 송파구 양재대로 지하 1127,1218,방이역 4번출구,51588,51249,339,0.661476321,1218,37.50896835,127.1258392,2017.6.27,12,,LCD,station
송파구,서울특별시 송파구 백제고분로15길 7,1220,잠실근린공원,48903,55390,-6487,-11.71150027,1220,37.50569153,127.0840378,2017.4.24,15,,LCD,station
송파구,서울특별시 송파구 백제고분로 188,1221,삼전역 4번출구,34289,35045,-756,-2.157226423,1221,37.50419998,127.087532,2017.7.11,10,,LCD,station
송파구,서울특별시 송파구 백제고분로 95,1222,잠실새내역 5번 출구 뒤,79853,81723,-1870,-2.288217515,1222,37.51198196,127.0850525,2017.4.24,23,,LCD,station
송파구,서울특별시 송파구 올림픽로 74,1224,아시아지하보도 2번 출구,29976,30031,-55,-0.183144084,1224,37.51216888,127.0789337,2017.4.24,15,,LCD,station
송파구,서울특별시 송파구 올림픽로35길 16,1226,잠실4동 주민센터 옆,40336,40692,-356,-0.874864838,1226,37.52007675,127.1123657,2017.6.27,10,,LCD,station
송파구,서울특별시 송파구 오금로 지하 499,1227,거여역 8번출구 뒤,27362,27491,-129,-0.46924448,1227,37.49312592,127.1438217,2017.6.27,10,,LCD,station
송파구,서울특별시 송파구 거마로 51,1228,마천사거리,16958,19094,-2136,-11.18676024,1228,37.49769974,127.1462021,2017.6.27,10,,LCD,station
송파구,서울특별시 송파구 양산로 15,1229,송파체육문화회관 앞,22034,21984,50,0.227438137,1229,37.49068832,127.1431274,2017.4.24,15,,LCD,station
송파구,서울특별시 송파구 동남로 203,1230,송파중학교 정문,10751,9880,871,8.815789474,1230,37.49567032,127.1305924,2017.6.27,10,,LCD,station
송파구,서울특별시 송파구 석촌호수로12길 3-5,1231,잠실역 6번출구,50270,53017,-2747,-5.181356923,1231,37.51408768,127.0990295,2017.6.22,10,13,QR,station
송파구,서울특별시 송파구 석촌호수로12길 3-19,1232,잠실주공 521동 건너편,53498,54279,-781,-1.438862175,1232,37.51184082,127.0956879,2017.6.22,10,,LCD,station
송파구,서울특별시 송파구 석촌호수로12길 3-17,1233,잠실3거리(갤러리아팰리스),23309,20960,2349,11.20706107,1233,37.51050949,127.0933685,2017.4.24,9,,LCD,station
송파구,서울특별시 송파구 잠실로 62,1235,잠실트리지움310동 옆,44794,46420,-1626,-3.502800517,1235,37.50887299,127.0871658,2017.4.24,15,14,QR,station
송파구,서울특별시 송파구 정의로 30,1239,문정 법조단지3,11708,11462,246,2.1462223,1239,37.48084259,127.1180115,2017.6.27,13,,LCD,station
송파구,서울특별시 송파구 새말로 62,1240,문정 법조단지4,14729,13475,1254,9.306122449,1240,37.48057556,127.1185684,2017.6.27,10,,LCD,station
송파구,서울특별시 송파구 새말로 62,1241,문정 법조단지5,9629,8874,755,8.508000902,1241,37.48123932,127.1197968,2017.6.27,10,,LCD,station
송파구,서울특별시 송파구 법원로 101,1242,문정 법조단지6,2709,2520,189,7.5,1242,37.48163223,127.1191635,2017.6.27,10,,LCD,station
송파구,서울특별시 송파구 법원로 101,1243,문정 법조단지7,43196,45148,-1952,-4.323558076,1243,37.4845314,127.120163,2017.6.27,20,29,QR,station
송파구,서울특별시 송파구 법원로 101,1244,문정 법조단지8,50800,50247,553,1.100563218,1244,37.48153687,127.1221237,2017.6.27,11,,LCD,station
송파구,서울특별시 송파구 법원로 101,1245,문정 법조단지9,28653,28352,301,1.061653499,1245,37.47946548,127.1253281,2017.6.27,10,,LCD,station
송파구,서울특별시 송파구 송파대로 지하 82,1246,문정 법조단지10,34341,34091,250,0.733331378,1246,37.47750854,127.1263275,2017.6.27,30,,LCD,station
송파구,서울특별시 송파구 법원로 101,1247,문정 법조단지11,17341,16797,544,3.238673573,1247,37.4788208,127.1235123,2017.6.27,15,15,QR,station
송파구,서울특별시 송파구 위례성대로 114,1248,방이초등학교,46587,40285,6302,15.64353978,1248,37.51396179,127.1216736,2017.6.27,25,,LCD,station
송파구,서울특별시 송파구 중대로 16,1250,문정2동 주민센터,3174,2630,544,20.68441065,1250,37.48987198,127.1108398,2017.10.18,10,,LCD,station
송파구,서울특별시 송파구 송파동 68 ,1251,석촌역 2번출구,57800,57738,62,0.10738162,1251,37.50593185,127.1077499,2017.11.1,10,,LCD,station
송파구,서울특별시  송파구 가락동 10-15 ,1253,오금역 3번 출구 뒤,12959,12731,228,1.790904092,1253,37.50165176,127.1281815,2017.11.1,10,,LCD,station
송파구,서울특별시 송파구 문정동 3-2 ,1256,문정현대아파트 교차로,13064,12897,167,1.294874777,1256,37.49113083,127.1258087,2017.11.1,8,,LCD,station
송파구,서울특별시 송파구 가락동 214-15 ,1257,가락시장역 사거리,22554,22599,-45,-0.199123855,1257,37.49209976,127.1177521,2017.11.1,20,,LCD,station
송파구,서울특별시 서울 송파구 가락동 195-4,1258,가락미륭아파트 앞,7806,6071,1735,28.57848789,1258,37.49319839,127.1289978,2017.11.1,10,,LCD,station
송파구,서울특별시 송파구 오금동 17-20,1259,방이역 1번출구,33571,33463,108,0.322744524,1259,37.50898361,127.1265945,2017.11.1,20,,LCD,station
송파구,서울특별시 송파구 방이동 225-1,1260,방이동 한양3차아파트 옆,26290,26247,43,0.163828247,1260,37.50630188,127.1213989,2017.11.1,8,,LCD,station
송파구,서울특별시 송파구 송파동 2-3 ,1262,송파여성문화회관 앞,49193,49149,44,0.089523693,1262,37.50580215,127.1097183,2017.11.1,10,,LCD,station
송파구,서울특별시 송파구 장지동 861-6,1263,장지공영차고지,6693,7030,-337,-4.79374111,1263,37.48054123,127.1370163,2017.11.1,10,,LCD,station
송파구,서울특별시 송파구 풍납동 490-16,1264,천호역 10번 출구 앞,68439,68378,61,0.08920998,1264,37.53858185,127.1228027,2017.11.1,8,,LCD,station
송파구,서울특별시 송파구 문정동 38-3,1265,문정동 근린공원,14472,14496,-24,-0.165562914,1265,37.48598862,127.1247635,2017.11.1,10,,LCD,station
송파구,서울특별시 송파구 문정동 627,1266,문정동 글샘 공원,14616,13268,1348,10.15978294,1266,37.47880936,127.1200028,2017.11.1,10,10,QR,station
송파구,서울특별시 송파구 올림픽로 424,1267,올림픽공원 남2문 앞,22880,22213,667,3.00274614,1267,37.51424026,127.1230698,2017.11.1,15,14,QR,station
송파구,서울특별시 송파구 방이동 88-21 ,1268,몽촌토성역 1번출구 옆,37981,37968,13,0.034239359,1268,37.51728821,127.1141968,2017.11.1,15,15,QR,station
송파구,서울특별시 송파구 올림픽로 135,1269,리센츠아파트,33313,28816,4497,15.60591338,1269,37.51194382,127.091217,2017.11.1,10,,LCD,station
송파구,서울특별시 송파구 동남로 263,1271,송파도서관,18575,18542,33,0.177974329,1271,37.49998474,127.1353912,2017.11.1,15,15,QR,station
송파구,서울특별시 송파구 올림픽로 565,1274,영파여고 앞,28069,27014,1055,3.905382394,1274,37.53284836,127.121048,2017.11.1,20,,LCD,station
송파구,서울특별시 송파구 마천로25길 18,1275,거여초등학교 옆,12087,12647,-560,-4.427927572,1275,37.50458908,127.1393662,2017.12.22,15,,LCD,station
송파구,서울특별시 송파구 마천로 164,1277,성내7교,19141,19624,-483,-2.461271912,1277,37.50562668,127.1364212,2018.2.26,15,,LCD,station
송파구,서울특별시 송파구 올림픽로 336,1278,송파구청 교차로,38133,38334,-201,-0.524338707,1278,37.51579666,127.1068192,2018.2.26,10,16,QR,station
송파구,서울특별시 송파구 성내천로39길 4,1279,마천금호어울림 1차아파트 건너편,6090,6128,-38,-0.620104439,1279,37.49751663,127.1546783,2018.2.26,10,,LCD,station
송파구,서울특별시 송파구 성내천로47길 23,1280,송파파크데일 2단지입구 앞 주차장,9351,9061,290,3.200529743,1280,37.49565887,127.1571732,2018.2.26,13,,LCD,station
송파구,서울특별시 송파구 오금로51길 56,1282,송파소방서 맞은편(성내4교),31897,35476,-3579,-10.08851054,1282,37.49987411,127.1414795,2018.2.26,10,,LCD,station
송파구,서울특별시 송파구 오금로 363,1283,오금공원 사거리,2905,2081,824,39.59634791,1283,37.50541306,127.131691,2018.2.26,8,,LCD,station
송파구,서울특별시 송파구 위례광장로 136,1285,위례별 유치원 뒤,7760,7402,358,4.836530667,1285,37.4774704,127.1445923,2018.2.26,10,,LCD,station
송파구,서울특별시 송파구 위례광장로 120,1286,위례중앙푸르지오 1단지 앞,20383,20221,162,0.801147322,1286,37.47437668,127.1406708,2018.2.26,10,,LCD,station
송파구,서울특별시 송파구 위례순환로 419,1287,위례아이파크 101동 맞은편,8864,8740,124,1.418764302,1287,37.47746658,127.14151,2018.2.26,8,,LCD,station
송파구,서울특별시 송파구 송이로 238,1288,문정중교 사거리,20417,18630,1787,9.592055824,1288,37.48799896,127.1310883,2018.2.26,15,,LCD,station
송파구,서울특별시 송파구 토성로 2,1289,풍납토성 서성벽터B,12321,13027,-706,-5.419513318,1289,37.53147125,127.1110916,2018.2.26,10,,LCD,station
송파구,송파구 위례광장로 121,1290,위례송파꿈에그린아파트24단지 앞 성벽 다리 밑,15161,15479,-318,-2.054396279,1290,37.47458267,127.1375427,2018.9.14,10,,LCD,station
송파구,송파구 강동대로 232,1291,서울체육고등학교 앞,30031,33926,-3895,-11.48087013,1291,37.52193832,127.1318665,2018.9.7,10,,LCD,station
송파구,송파구 삼전동 152,1293,석촌호수 서호 사거리,56792,57512,-720,-1.251912644,1293,37.50656128,127.0965576,2018.9.12,14,,LCD,station
송파구,송파구 신천동 8,1295,잠실역 8번출구,77619,77132,487,0.631385158,1295,37.51396179,127.1003037,2018.9.7,25,,LCD,station
송파구,송파구 잠실동 48,1296,석촌호수교차로 (송파나루근린공원 앞),15816,14880,936,6.290322581,1296,37.50867844,127.1034317,2018.11.5,10,,LCD,station
송파구,송파구 잠실동 48,1297,석촌호수교차로(동호 팔각정 앞),63267,63406,-139,-0.219222156,1297,37.50920105,127.1041184,2018.9.7,15,,LCD,station
송파구,송파구 방이동 89-29 ,1299,송파소방서 (방이119안전센터),11771,10681,1090,10.20503698,1299,37.51987839,127.1367111,2018.9.11,15,,LCD,station
송파구,송파구 방이동 452-17 ,1300,오륜사거리,13460,13985,-525,-3.754022167,1300,37.50693893,127.1392212,2018.10.25,15,,LCD,station
송파구,송파구 삼학사로 136,2601,석촌호수 아뜰리에,47794,47908,-114,-0.237956082,2601,37.5067482,127.0988312,2018.9.12,16,,LCD,station
송파구,송파구 충민로 1206,2603,송파 글마루 도서관,17753,17286,467,2.701608238,2603,37.48095322,127.1301041,2018.9.14,10,,LCD,station
송파구,송파구 풍납동 307-4,2604,풍납토성 서성벽터A,25872,27691,-1819,-6.56892131,2604,37.53131104,127.1112824,2018.9.14,10,,LCD,station
송파구,송파구 장지동 602-18,2605,복정역 1번 출구 앞,27127,28151,-1024,-3.637526198,2605,37.47129822,127.1270905,2018.9.14,15,,LCD,station
송파구,송파구 거여동 497,2606,위례동주민센터 맞은편 근린공원,38870,39703,-833,-2.098078231,2606,37.48173904,127.1432266,2018.9.14,15,,LCD,station
송파구,송파구 올림픽로 326,2608,송파구청,117503,120875,-3372,-2.789658738,2608,37.5150528,127.1062698,2018.11.12,15,10,QR,station
송파구,송파구 양재대로 1278,2609,보성중고등학교 후문 앞,4276,4179,97,2.321129457,2609,37.52048874,127.1352005,2018.11.14,10,,LCD,station
송파구,송파구 풍성로 5길 16,2611,송파지역자활센터 뒤,51498,55224,-3726,-6.747066493,2611,37.53641891,127.1161652,2018.11.14,7,,LCD,station
송파구,송파구 중대로 2길 6,2612,광평교사거리 인근,410,411,-1,-0.243309002,2612,37.48871994,127.1098251,2018.11.14,7,,LCD,station
송파구,송파구 중대로 2길 6,2612,문정·가락 대여소 앞,535,511,24,4.69667319,2612,37.48871994,127.1098251,2018.11.14,7,,LCD,station
송파구,서울 송파구 잠실동 1,2613,잠실나들목,42698,44542,-1844,-4.139912891,2613,37.51678085,127.0904923,2018.11.14,18,,LCD,station
송파구,서울 송파구 송이로 42,2614,가락고등학교 앞,8782,7428,1354,18.22832526,2614,37.50186157,127.1172333,2018.11.14,15,,LCD,station
송파구,송파대로 201,2615,테라타워2,49743,49797,-54,-0.108440267,2615,37.48834991,127.1207809,2018.11.14,15,,LCD,station
송파구,송파구 문정로 196,2616,거여동 사거리,8398,8376,22,0.262655205,2616,37.49704742,127.1403503,2018.11.27,10,,LCD,station
송파구,송파구 가락동 165-2,2617,가락삼환아파트 앞,7998,7500,498,6.64,2617,37.49618149,127.138031,2018.11.27,15,,LCD,station
송파구,송파구 잠실동 289,2618,삼전역 1번출구,37677,39276,-1599,-4.071188512,2618,37.50471115,127.0875626,2018.12.3,14,,LCD,station
송파구,송파구 삼전동 90,2619,석촌고분역 4번출구,40725,42834,-2109,-4.923658776,2619,37.50233841,127.0964432,2018.11.14,9,9,QR,station
송파구,송파구 송파동 3-15,2620,송파나루역 4번 출구옆,99838,103590,-3752,-3.621971233,2620,37.50997925,127.1123123,2018.11.14,12,,LCD,station
송파구,송파구 방이동 11,2621,한성백제역 2번 출구,53439,53556,-117,-0.218462917,2621,37.51665878,127.1162567,2018.11.14,15,,LCD,station
송파구,송파구 방이동 89-28,2622,올림픽공원역 3번출구,106018,105684,334,0.316036486,2622,37.51625824,127.1305924,2018.11.14,20,,LCD,station
송파구,송파구 석촌동 312,2623,석촌동 주민센터,60215,59894,321,0.535946839,2623,37.50362396,127.1035538,2020.1.17,,15,QR,station
송파구,양재대로 925,2625,가락종합 사회복지관,8059,7692,367,4.771190848,2625,37.4955368,127.1072006,2020.1.20,,15,QR,station
송파구,가락동 59,2626,"경찰병원역 1,2번 출구 사이",12694,12628,66,0.522648084,2626,37.49569321,127.1238556,2020.1.20,,15,QR,station
송파구,송이로 31길 56,2627,문정시영아파트 5동 앞 공원,16445,10116,6329,62.56425465,2627,37.4911232,127.135109,2020.1.20,,15,QR,station
송파구,문정동 55-13,2628,문정역 1번출구,59048,59473,-425,-0.714609991,2628,37.48669815,127.1224442,2020.1.20,,15,QR,station
송파구,방이동 17,2630,서울방이동 고분군,37553,36532,1021,2.79481003,2630,37.50786591,127.1169891,2020.1.21,,12,QR,station
송파구,삼학사 11,2631,배명고등학교,14938,16715,-1777,-10.63116961,2631,37.49741364,127.0963059,2020.1.17,,15,QR,station
송파구,백제고분로 275,2632,석촌고분역 2번 출구,54236,56511,-2275,-4.025764895,2632,37.50264359,127.0973969,2020.1.17,,9,QR,station
송파구,위례순환로 364,2633,송파학사 옆,19966,18558,1408,7.587024464,2633,37.47817993,127.1471024,2020.1.21,,20,QR,station
송파구,장지동 390-4,2634,위례포레샤인아파트 2318동,14301,14744,-443,-3.004612046,2634,37.477211,127.1371765,2020.1.21,,10,QR,station
송파구,올림픽로 지하 140,2635,잠실새내역 1번출구,48441,45458,2983,6.56210128,2635,37.51129532,127.0867386,2020.1.16,,21,QR,station
송파구,올림픽로 74,2637,아시아지하보도 14번 출구,51399,51466,-67,-0.130183033,2637,37.51146317,127.0788117,2020.1.16,,15,QR,station
송파구,송파구 석촌동 209,2639,석촌역 8번출구,70698,69381,1317,1.898214209,2639,37.50550461,127.106575,2020.1.17,,18,QR,station
송파구,송파대로 345,2641,송파역 4번출구,62437,62545,-108,-0.172675674,2641,37.50004959,127.1115112,2020.1.20,,15,QR,station
송파구,성내천로 179,2642,마천동 성내천 쉼터,18746,19062,-316,-1.6577484,2642,37.50149536,127.1477814,2020.1.15,,12,QR,station
송파구,풍납동460,2643,풍납중학교 측면,7038,6061,977,16.11945224,2643,37.52515793,127.1169434,2020.1.21,,10,QR,station
송파구,동남로298,2644,성내5교,26281,27597,-1316,-4.768634272,2644,37.50166702,127.1377411,2020.1.15,,10,QR,station
송파구,송파구 잠실동 18-1,2645,잠실나들목2(엘스아파트136동),31030,32605,-1575,-4.830547462,2645,37.51621246,127.084343,2020.1.16,,10,QR,station
송파구,잠실로88,2646,레이크펠리스101동앞,62288,63694,-1406,-2.207429271,2646,37.50775909,127.0912933,2020.1.16,,15,QR,station
송파구,송파구 잠실동 41,2647,잠실 자전거 수리센터 앞,43445,45326,-1881,-4.149936019,2647,37.51156998,127.1010742,2020.1.16,,7,QR,station
송파구,송파구 가락동 509-11,2648,헬리오시티 112동 앞,25811,24592,1219,4.956896552,2648,37.49469757,127.1046448,2020.1.17,,30,QR,station
송파구,마천로103,2649,오금공원사거리2,4918,4004,914,22.82717283,2649,37.50544357,127.1323319,2020.1.15,,10,QR,station
송파구,위례광장로163,2650,위례22단지 2208동 다리앞,8297,8630,-333,-3.858632677,2650,37.47854996,127.1381378,2020.1.21,,7,QR,station
송파구,송파구 가락동 123,2651,경찰병원역 3번출구 앞,24765,24665,100,0.4054328,2651,37.49612427,127.1248016,2020.1.20,,20,QR,station
송파구,오금동 96,2652,송파 레미니스1단지 102동 앞,17680,14371,3309,23.02553754,2652,37.50883102,127.1342621,2020.1.15,,41,QR,station
송파구,양재대로 1218,2653,올림픽공원사거리(선수촌아파트),27388,26514,874,3.296371728,2653,37.51202011,127.1286469,2020.1.15,,25,QR,station
송파구,양재대로 1218,2654,올림픽선수촌아파트 136동 앞,13180,10980,2200,20.03642987,2654,37.50997543,127.1336975,2020.1.16,,10,QR,station
송파구,송파동 169,2655,송이공원,10973,9079,1894,20.86132834,2655,37.50057983,127.1188431,2020.1.17,,20,QR,station
송파구,올림픽로43길 34,2656,풍납동 아이파크 107동 앞,24095,24048,47,0.195442448,2656,37.52480316,127.1146393,2020.6.8,,10,QR,station
송파구,장지동 854-3,2657,송파 파인타운 11단지,15478,15313,165,1.077515836,2657,37.47916031,127.1321945,2020.6.4,,10,QR,station
송파구,가락동 600,2658,가락몰 업무동,28843,29160,-317,-1.087105624,2658,37.49535751,127.1156921,2020.6.4,,10,QR,station
송파구,가락동 600,2659,서울친환경유통센터,2995,2964,31,1.045883941,2659,37.49416733,127.1045303,2020.6.4,,10,QR,station
강동구,암사동 117-3,3539,서원마을,2729,2845,-116,-4.077328647,3539,37.56379318,127.1328354,2018.11.14,10,,LCD,station
강동구,서울 강동구 상일동 168,3652,한영외국어고등학교,6599,6545,54,0.825057296,3652,37.54709244,127.1562195,2020.8.10,,10,QR,station
강동구,아리수로93가길 110(강일동 115),3653,강동리버스트4단지아파트 404동 앞,7603,8066,-463,-5.740143814,3653,37.57201385,127.1717072,2021.2.3,,10,QR,station
강동구,아리수로93가길 110(강일동 115),3654,강동리버스트4단지아파트 405동 앞,6900,7630,-730,-9.567496723,3654,37.57201767,127.1729507,2020.8.20,,10,QR,station
강동구,명일로 102,3655,둔촌신성미소지움아파트,10608,7793,2815,36.12216091,3655,37.52726364,127.142334,2020.10.20,,10,QR,station
강동구,명일로 172,3656,둔촌푸르지오아파트,30006,29827,179,0.600127401,3656,37.53407288,127.1450043,2021.4.15,,20,QR,station
강동구,강동구 구천면로 192,3657,서울천호동우체국,39206,39213,-7,-0.017851223,3657,37.54074097,127.1257629,2021.4.13,,12,QR,station
강동구,강동구 고덕로 130,3658,프라이어팰리스아파트,12766,12751,15,0.117637832,3658,37.5546875,127.1394043,2021.4.15,,10,QR,station
강동구,강동구 고덕로38길 8,3659,명일초등학교 옆,5013,4042,971,24.02276101,3659,37.55464554,127.1425324,2021.4.15,,10,QR,station
강동구,강동구 고덕로 240,3661,명일동신동아아파트 앞,6371,6056,315,5.201453104,3661,37.55483246,127.1517334,2021.4.15,,10,QR,station
강동구,"암사동 414-22
(강동롯데캐슬퍼스트아파트 107동 뒤편)",3663,암사정수센터교차로(강동롯데캐슬퍼스트아파트),6383,4900,1483,30.26530612,3663,37.55845642,127.1441574,2021.4.15,,10,QR,station
강동구,양재대로 1382,3664,맥도날드 서울둔촌DT점 앞,48964,49077,-113,-0.230250423,3664,37.52938843,127.1371841,2021.4.13,,12,QR,station
강동구,고덕로80길 123,3665,고덕센트럴 아이파크상가 앞,13042,12592,450,3.573697586,3665,37.55058289,127.1654205,2021.4.15,,12,QR,station
강동구,풍성로 136,3668,성내삼성아파트,70086,73262,-3176,-4.335125986,3668,37.53137589,127.1270752,2021.4.13,,10,QR,station
강동구,양재대로 1377,3671,둔촌동역교차로,46644,47028,-384,-0.81653483,3671,37.52926254,127.1364975,2021.4.13,,10,QR,station
강동구,아리수로93가길 77,3673,강동리버스트6단지,8932,9152,-220,-2.403846154,3673,37.57095337,127.1717453,2021.4.14,,10,QR,station
강동구,아리수로93가길 70,3674,강동리버스트7단지,8298,9216,-918,-9.9609375,3674,37.57073975,127.1721573,2021.4.14,,10,QR,station
강동구,강일동 80번지 일대,3675,강동리버스트8단지,11057,11695,-638,-5.455322788,3675,37.57180405,127.174469,2021.4.14,,20,QR,station
강동구,강일동 475-2,3676,강동리엔파크9단지,12404,12896,-492,-3.815136476,3676,37.55736542,127.1801376,2021.3.19,,10,QR,station
강동구,강동구 성내동 192-8,3680,강동역3번출구,59537,59489,48,0.080687186,3680,37.53541565,127.1330948,2021.4.14,,6,QR,station
강동구,양재대로 1465,3681,길동 마루빌딩,77838,83346,-5508,-6.608595493,3681,37.53685379,127.1394882,2021.4.14,,10,QR,station
강동구,양재대로 1522,3682,길동 동호빌딩,9069,9149,-80,-0.874412504,3682,37.54154587,127.1414795,2021.4.14,,10,QR,station
강동구,양재대로 1544,3683,KT&G강동지사,24263,26929,-2666,-9.900107691,3683,37.5437088,127.1422806,2021.4.14,,10,QR,station
강동구,강동구 상일로 55,3684,고덕자이(105동 앞),21697,22006,-309,-1.404162501,3684,37.55361176,127.1720352,2021.6.25,,10,QR,station
강동구,강동구 상일동 25-1,3685,강동리엔파크14단지(1401동 앞),14636,14752,-116,-0.786334056,3685,37.55212402,127.1806412,2021.3.19,,15,QR,station
강동구,강동구 아리수로50길 50,3686,고덕 래미안 힐스테이트(101동),10839,10767,72,0.668709947,3686,37.55885696,127.1514893,2021.7.2,,8,QR,station
강동구,강동구 상일동 183-4,3688,상일동산(동아아파트앞 교차로),5979,5986,-7,-0.116939526,3688,37.54581833,127.1668854,2021.6.1,,10,QR,station
강동구,강동구 강일동 469-9,3689,강일역 3번출구,14389,13461,928,6.893990045,3689,37.55740356,127.1765366,2021.8.24,,20,QR,station
강동구,강동구 강일동 736,3690,강일역 4번출구,7241,5788,1453,25.10366275,3690,37.55707169,127.1751404,2021.9.10,,23,QR,station
강동구,방이동 89-29,3691,둔촌역 2번출구,5438,5465,-27,-0.494053065,3691,37.52722931,127.1363525,2021.9.30,,20,QR,station
강동구,강동구 강동대로 303,3692,둔촌오륜역 1번 출구,9338,8700,638,7.333333333,3692,37.51960373,127.13871,2021.9.30,,10,QR,station
강동구,강동구 상일동 34,3694,강동리엔파크 13단지(1303동 앞),15667,15718,-51,-0.324468762,3694,37.55302811,127.1807556,2021.11.5,,14,QR,station
강동구,강동구 명일동 303-7,3698,명일역 3번출구 옆,28105,28070,35,0.124688279,3698,37.55142593,127.1442108,2022.6.20,,6,QR,station
강동구,강동구 상일동 520-1,3699,상일파출소 옆,24064,24105,-41,-0.170089193,3699,37.55655289,127.1658783,2022.6.21,,15,QR,station
강동구,강동구 천호동 250-7,3700,강변그대가리버뷰 입구 맞은편,29308,32374,-3066,-9.470562797,3700,37.54816437,127.1225739,2022.7.8,,8,QR,station
강동구,강동구 둔촌동 118-2,3701,방아삼거리,4375,3954,421,10.64744562,3701,37.5232811,127.1461334,2022.10.12,,8,QR,station
송파구,올림픽로35길 125,4452,삼성SDS,57781,61310,-3529,-5.755994128,4452,37.51633835,127.0998535,2021.1.4,,10,QR,station
송파구,위례광장로 290,4453,위례중앙푸르지오 201동 앞,31325,31305,20,0.063887558,4453,37.47434616,127.1432648,2020.12.30,,15,QR,station
송파구,거여동 274,4454,위례 포레샤인 1809동 부근,6038,2486,3552,142.8801287,4454,37.48687744,127.1526947,2021.1.22,,15,QR,station
송파구,올림픽로43길 88,4457,아산병원 기숙사 부근,80042,86927,-6885,-7.920438989,4457,37.52478027,127.1091309,2021.1.4,,50,QR,station
송파구,중대로191,4458,가락2동주민센터 인근,11525,11252,273,2.426235336,4458,37.49917603,127.1258926,2021.1.4,,10,QR,station
송파구,중대로24,4460,올림픽훼미리아파트 112동 앞,22179,22525,-346,-1.536071032,4460,37.48807144,127.1186371,2021.1.5,,8,QR,station
송파구,방이동225,4461,한양3차아파트 3동 앞,5093,4866,227,4.665022606,4461,37.50585175,127.1219406,2021.1.4,,7,QR,station
송파구,송파동166-2,4462,가락중학교 앞,12127,11915,212,1.779269828,4462,37.50223541,127.1172867,2021.1.5,,8,QR,station
송파구,오금동43,4463,방이역 2번 출구,14459,14434,25,0.173202162,4463,37.50801468,127.125946,2021.1.4,,10,QR,station
송파구,방이동88-16,4464,올림픽공원 북2문 A,29177,29960,-783,-2.613484646,4464,37.52357483,127.1280441,2020.12.23,,15,QR,station
송파구,문정동 72,4465,건영아파트앞 사거리,32244,32216,28,0.086913335,4465,37.48245621,127.1246033,2021.1.5,,10,QR,station
송파구,양재대로 925,4468,가락1동주민센터,24589,24466,123,0.502738494,4468,37.49650955,127.1103287,2020.12.30,,15,QR,station
송파구,오금로56길28,4469,거여동 어울림아파트  102동앞,10929,10875,54,0.496551724,4469,37.49198532,127.1437302,2021.1.4,,10,QR,station
송파구,마천동588,4472,송파파크데일 1단지 115동 건너편,8513,8129,384,4.723828269,4472,37.49763107,127.159668,2020.12.23,,10,QR,station
송파구,성내천로245,4473,마천금호어울림 1차 102동앞,4090,4035,55,1.36307311,4473,37.49808884,127.1542969,2020.12.23,,10,QR,station
송파구,문정동 3,4474,가락현대 1차 11동 앞,9011,7602,1409,18.53459616,4474,37.49146652,127.1266403,2020.12.24,,10,QR,station
송파구,새말로12길 16,4475,송파파인타운 4단지 403동,8654,8276,378,4.567423876,4475,37.48174286,127.1287842,2020.12.24,,10,QR,station
송파구,문정동90,4478,문정근린공원2,22910,22861,49,0.21433883,4478,37.4861145,127.1266708,2020.12.30,,10,QR,station
송파구,문정로73,4479,문정중학교,3303,2912,391,13.4271978,4479,37.48827362,127.1306839,2020.12.30,,10,QR,station
송파구,중대로70-2,4480,가락시장 남1문 사거리,13527,13432,95,0.70726623,4480,37.49201584,127.1174545,2021.1.4,,10,QR,station
송파구,방이동88-16,4481,올림픽공원 북2문 B,52869,53650,-781,-1.455731594,4481,37.52397537,127.1275101,2020.12.23,,25,QR,station
송파구,잠실동24,4483,잠실나들목4,31105,33090,-1985,-5.998791176,4483,37.5161171,127.0846634,2020.12.24,,10,QR,station
송파구,신천동15,4484,잠실나루역4번출구뒤,40295,40233,62,0.154102354,4484,37.52080917,127.1036224,2021.1.4,,10,QR,station
송파구,오금로20,4485,잠실나루역 고가하부,12116,9777,2339,23.92349391,4485,37.51988602,127.1043396,2021.1.4,,10,QR,station
송파구,올림픽로35가길 16,4486,홈플러스 잠실점,45000,45339,-339,-0.747700655,4486,37.51613998,127.103508,2021.1.4,,10,QR,station
송파구,장지동838-2,4488,"문현중,고등학교 사이",2737,2615,122,4.665391969,4488,37.48051071,127.128624,2020.12.24,,10,QR,station
송파구,장지동838-2,4488,문현중.고등학교 사이,1290,1208,82,6.78807947,4488,37.48051071,127.128624,2020.12.24,,10,QR,station
송파구,송파대로8길 20,4490,송파파인타운 10단지 1005동,6476,6213,263,4.233059714,4490,37.4777832,127.1320572,2020.12.24,,10,QR,station
송파구,충민로2길 8,4491,장지역 1번출구,29166,29537,-371,-1.256051732,4491,37.47953415,127.1267853,2021.1.5,,10,QR,station
송파구,마천동 36,4493,마천사거리 2,8158,8405,-247,-2.938726948,4493,37.49900436,127.1469421,2021.1.4,,10,QR,station
송파구,올림픽로 435,4496,잠실 파크리오 120동 앞,31345,30650,695,2.267536705,4496,37.51921082,127.1079407,2020.12.24,,10,QR,station
송파구,올림픽로4길 15,4497,아시아선수촌아파트 교차로,33360,34691,-1331,-3.836729988,4497,37.50679016,127.0792694,2021.1.4,,20,QR,station
송파구,송이로31길 66,4499,세양청마루 101동 앞,11881,7153,4728,66.09814064,4499,37.49236679,127.1365509,2020.12.30,,10,QR,station
송파구,장지동 662,4852,서울복합물류 게이트 1,27935,28511,-576,-2.020272877,4852,37.47600174,127.1231003,2021.1.5,,10,QR,station
송파구,가락동 184-23,4854,가락시장역 2번 출구,24536,24564,-28,-0.11398795,4854,37.492733,127.1179886,2021.1.4,,10,QR,station
송파구,양산로4길 16,4855,거여5단지 503동 앞,12496,12450,46,0.369477912,4855,37.48933029,127.1460495,2021.1.4,,10,QR,station
송파구,올림픽로 424,4856,올림픽공원 서1문 앞,23635,23696,-61,-0.257427414,4856,37.5202179,127.1145706,2021.1.5,,10,QR,station
송파구,방이동 88-18,4857,올림픽공원 장미광장,12153,12012,141,1.173826174,4857,37.51275635,127.126297,2021.1.19,,15,QR,station
송파구,신천동 6,4859,잠실나루 나들목,34291,34520,-229,-0.663383546,4859,37.52148438,127.1002808,2021.1.5,,15,QR,station
송파구,가락동22-7,4860,가락쌍용2차아파트 103동,13877,13398,479,3.575160472,4860,37.50226974,127.1219559,2021.4.13,,7,QR,station
송파구,마천동 307-1,4862,성내교 남단,8918,7982,936,11.72638436,4862,37.52301788,127.1158829,2021.4.7,,10,QR,station
송파구,송파구 잠실동 19-4,4863,잠실나들목5,9366,9868,-502,-5.087150385,4863,37.5164032,127.0776138,2021.3.30,,7,QR,station
송파구,송파구 송파동 97-2,4864,송파사거리,56375,56777,-402,-0.708033182,4864,37.50205612,127.1105499,2021.4.27,,10,QR,station
송파구,송파구 방이동 45-4,4865,한성백제역 1번출구 뒤,59265,59353,-88,-0.148265463,4865,37.51647949,127.1149826,2021.4.28,,5,QR,station
송파구,송파구 가락동 94-9,4867,가락대림아파트 앞,17692,17552,140,0.7976299,4867,37.5000267,127.1184311,2021.4.28,,10,QR,station
송파구,송파구 석촌동 158,4868,석촌호수 서호 남단,59947,60342,-395,-0.654602101,4868,37.50717163,127.1012421,2021.5.18,,10,QR,station
송파구,송파구 방이동 40-6,4870,몽촌토성역 3번 출구,101123,100828,295,0.292577459,4870,37.5170784,127.1123276,2021.7.13,,10,QR,station
송파구,송파구 오금동 2,4871,오금동 대림아파트 정문,13415,12328,1087,8.817326411,4871,37.51072693,127.1304016,2021.7.13,,7,QR,station
송파구,송파구 가락동 166-1,4872,개롱역 3번 출구 뒤,19812,19839,-27,-0.136095569,4872,37.49806213,127.134613,2021.7.13,,7,QR,station
송파구,송파구 오금동 166,4873,개롱역사거리 2번 출구,21113,21054,59,0.280231785,4873,37.49827194,127.1348648,2021.8.24,,7,QR,station
송파구,송파구 잠실동 348,4874,탄천1교 하부보도,12689,13295,-606,-4.558104551,4874,37.50117111,127.0851669,2021.8.26,,10,QR,station
송파구,송파구 거여동 657,4875,위례포레샤인13단지,9706,9632,74,0.768272425,4875,37.4826355,127.1399231,2021.8.26,,4,QR,station
송파구,송파구 마천동 325-29,4879,마천청소년센터,4746,4687,59,1.258800939,4879,37.49222183,127.1565933,2021.9.30,,5,QR,station
송파구,송파구 문정동 150,4880,송파청소년센터,16472,16428,44,0.267835403,4880,37.48995972,127.1119614,2021.9.24,,9,QR,station
송파구,송파구 거여동 산23-34,4881,거여동사거리 송파둘레길 입구,3909,3892,17,0.436793422,4881,37.49535751,127.139473,2021.9.30,,5,QR,station
송파구,송파구 거여동 산60-1,4882,위례포레샤인18단지 1802동,5427,4542,885,19.48480845,4882,37.48868561,127.1522675,2021.9.30,,5,QR,station
송파구,송파구 거여동 657-12,4883,위례포레샤인18단지 1812동,3084,689,2395,347.605225,4883,37.48714828,127.1532822,2021.9.30,,10,QR,station
송파구,송파구 문정동 373,4884,H비즈니스파크,27974,31117,-3143,-10.1005881,4884,37.48352432,127.1168366,2021.11.11,,16,QR,station
송파구,송파구 문정동 634,4885,가든파이브 리빙관,6727,6776,-49,-0.723140496,4885,37.47709656,127.123703,2021.11.11,,8,QR,station
송파구,송파구 석촌동 302-1,4886,배명고등학교 건너편,17418,19222,-1804,-9.385079596,4886,37.49793243,127.096756,2021.11.10,,6,QR,station
송파구,송파구 문정동 150,4887,호돌이상가,15100,15283,-183,-1.197408886,4887,37.48633575,127.1137466,2021.11.10,,6,QR,station
송파구,방이동 89-29,4888,둔촌오륜역 2번출구,8895,7987,908,11.36847377,4888,37.51869202,127.139061,2021.9.30,,10,QR,station
송파구,거여동 694,4889,마천역 1번 출구 인근②,12961,12508,453,3.621682123,4889,37.49459076,127.1510925,2021.9.30,,14,QR,station
송파구,송파구 거여동 657-12,4891,위례포레나송파,13939,13155,784,5.959711136,4891,37.48455429,127.1491928,2021.11.10,,10,QR,station
송파구,송파구 방이동 88-13,4892,성내유수지 체육공원,6242,4852,1390,28.64798021,4892,37.52597046,127.1182098,2021.11.10,,18,QR,station
송파구,송파구 문정동 500-1,4893,문정법조단지12,41473,48200,-6727,-13.95643154,4893,37.48639297,127.1148377,2021.11.11,,6,QR,station
송파구,송파구 거여동 604,4895,송파레이크힐 상가,13735,13706,29,0.211586167,4895,37.48641586,127.1420593,2021.11.10,,6,QR,station
송파구,송파구 거여동 604,4895,위례포레샤인15단지 상가,6912,6902,10,0.14488554,4895,37.48641586,127.1420593,2021.11.10,,6,QR,station
송파구,송파구 거여동 603,4896,송파레이크힐,1666,1446,220,15.21438451,4896,37.48688889,127.1416931,2021.11.10,,10,QR,station
송파구,송파구 거여동 603,4896,위례포레샤인15단지,915,806,109,13.5235732,4896,37.48688889,127.1416931,2021.11.10,,10,QR,station
송파구,송파구잠실동27,4897,잠실주공5단지1,53708,54556,-848,-1.554366156,4897,37.51633453,127.0938034,2021.11.29,,15,QR,station
강동구,강동구 암사동 488-21,4951,강동농협 버스정류소 앞(광채빌라),16655,16587,68,0.409959607,4951,37.547966,127.1351624,2022.9.29,,5,QR,station
강동구,강동구 천호동 397-465,4952,천호시장 버스정류소 옆,17503,17380,123,0.707710012,4952,37.54146576,127.1302567,2023.1.18,,5,QR,station
강동구,강동구 천호대로 1162,4953,세양청마루아파트 앞,27007,26866,141,0.524826919,4953,37.53346634,127.1405029,2023.7.13,,10,QR,station
강동구,강동구 천호대로201길,4954,신명초등학교 건너편,2726,2315,411,17.7537797,4954,37.54004288,127.1507416,2024.7.22,,15,QR,station
강동구,강동구 고덕로27길 36,4956,암사역사공원역 1번출구,532,762,-230,-30.18372703,4956,37.5575676,127.1401596,2024.11.18,,5,QR,station
강동구,강동구 길동 158-8,4957,신명초교 교차로,3266,2973,293,9.855364951,4957,37.54043579,127.1483994,2024.9.8,,10,QR,station
강동구,강동구 고덕동 490,4958,고덕래미안힐스테이트 아파트 211동,619,386,233,60.3626943,4958,37.55949402,127.1451263,2024.9.24,,10,QR,station
강동구,강동구 암사동 380-25,4959,암사역사공원역 3번출구,1056,1253,-197,-15.72226656,4959,37.55744553,127.1381683,2024.9.24,,10,QR,station
송파구,방이동 88-9,5751,송파여성축구장,7929,7736,193,2.494829369,5751,37.52471542,127.1174393,2022.5.19,,10,QR,station
송파구,풍납동 219-3,5752,풍납백제문화공원 옆 인근,53049,57319,-4270,-7.449536803,5752,37.53488159,127.1152268,2022.5.19,,6,QR,station
송파구,송파구 거여동 607-1,5753,호반써밋,12742,11827,915,7.736535047,5753,37.48294449,127.1404419,2022.5.19,,9,QR,station
송파구,송파구 풍납동 436,5756,극동아파트,20743,20517,226,1.101525564,5756,37.52618027,127.1167603,2022.9.1,,10,QR,station
송파구,송파구 방이동 89-2,5758,올림픽선수기자촌아파트 123동 근처,10422,7710,2712,35.17509728,5758,37.51064301,127.1316757,2022.9.1,,10,QR,station
송파구,송파구 풍납동 70-18,5759,풍납근린공원,19046,18476,570,3.085083351,5759,37.53913879,127.1216202,2022.9.22,,6,QR,station
송파구,풍납동 413-1,5760,풍납사거리 성내유수지,18564,18034,530,2.938893202,5760,37.52765274,127.1193008,2022.10.4,,8,QR,station
송파구,송파구 가락동 95-3,5761,버섯분수대,20500,20461,39,0.19060652,5761,37.49755478,127.1149445,2022.10.12,,10,QR,station
송파구,송파구 방이동 89-28,5763,세륜초등학교 건너편,4569,3930,639,16.25954198,5763,37.51919556,127.1326218,2022.10.11,,10,QR,station
송파구,송파구 방이동 89-28,5764,한국체육대학교,12457,12470,-13,-0.1042502,5764,37.51795959,127.1317825,2022.10.11,,8,QR,station
송파구,송파구 삼전동 86,5765,삼전동주민센터 건너편,34863,39039,-4176,-10.69699531,5765,37.50301743,127.0921402,2022.10.19,,12,QR,station
송파구,송파구 거여동 657-12,5766,북위례1,6985,3642,3343,91.79022515,5766,37.48693085,127.1536484,2022.12.23,,15,QR,station
송파구,송파구 거여동 657-12,5767,북위례2,5608,4597,1011,21.99260387,5767,37.48483276,127.1499176,2022.12.23,,15,QR,station
송파구,송파구 방이동 66-3,5768,방이삼거리,102850,107126,-4276,-3.991561339,5768,37.51229095,127.1082535,2023.2.10,,12,QR,station
송파구,송파구 거여동 695,5773,송파시그니처롯데캐슬,5398,5557,-159,-2.861256073,5773,37.49714279,127.1464157,2023.4.28,,12,QR,station
송파구,송파구 가락동 100-2,5774,가락본동주민센터 인근,26880,27202,-322,-1.18373649,5774,37.49428558,127.1217041,2023.4.28,,10,QR,station
송파구,송파구 가락동 100-2,5775,가락시장역 5번출구,13524,13803,-279,-2.021299717,5775,37.49253845,127.1194458,2023.7.7,,10,QR,station
송파구,송파구 거여동 657,5777,호반써밋12단지,9735,9150,585,6.393442623,5777,37.48448563,127.1406784,2023.7.12,,11,QR,station
송파구,송파구 거여동 657-12,5778,북위례3,5277,2893,2384,82.40580712,5778,37.48884964,127.1569977,2023.10.24,,15,QR,station
송파구,송파구 장지동 431-8,5779,나래교,3032,2853,179,6.274097441,5779,37.48009491,127.1384964,2024.3.18,,8,QR,station
송파구,송파구 풍납동 388-6,5780,송파세무서,2387,2391,-4,-0.167294019,5780,37.52646255,127.1136932,2024.4.23,,10,QR,station
송파구,송파구 올림픽로 424,5781,올림픽공원 수영장,16114,17022,-908,-5.334273293,5781,37.52157211,127.1268845,2024.5.14,,14,QR,station
송파구,송파구 오금로35길 17,5782,오금현대 아파트 상가입구 앞,1451,1454,-3,-0.206327373,5782,37.50366211,127.1260605,2024.10.8,,5,QR,station